{
    "manufacturer": "Alex Ren",
    "keyboard_name": "orpheuspad",
    "maintainer": "qcoral",
    "bootloader": "rp2040",
    "diode_direction": "COL2ROW",
    "features": {
        "bootmagic": true,
        "command": false,
        "console": false,
        "extrakey": true,
        "mousekey": true,
        "nkro": true
    },
    "matrix_pins": {
        "cols": ["GP27", "GP26", "GP4"],
        "rows": ["GP29", "GP28"]
    },
    "processor": "RP2040",
    "url": "https://hackpad.hackclub.com",
    "usb": {
        "device_version": "1.0.0",
        "pid": "0x0000",
        "vid": "0xFEED"
    },
    "layouts": {
        "LAYOUT": {
            "layout": [
                {"matrix": [0, 0], "x": 1, "y": 1},
                {"matrix": [0, 1], "x": 2, "y": 0},
                {"matrix": [0, 2], "x": 2, "y": 1},
                {"matrix": [1, 0], "x": 0, "y": 0},
                {"matrix": [1, 1], "x": 1, "y": 0},
            ]
        }
    }
}